"관리기관명",소재지도로명주소,소재지지번주소,설치목적구분,카메라대수,카메라화소수,촬영방면정보,보관일수,설치년월,관리기관전화번호,위도,경도,데이터기준일자
"대구광역시청",대구광역시 달성군 구지면 응암리 646,대구광역시 달성군 구지면 응암리 646,교통정보수집,1,200,자동차 진행 방면,,2016-11,053-803-4573,35.647368,128.415547,2020-03-18
"대구광역시청",대구광역시 달성군 구지면 화산리 704,대구광역시 달성군 구지면 화산리 704,교통정보수집,1,200,자동차 진행 방면,,2016-11,053-803-4573,35.664422,128.399093,2020-03-18
"대구광역시청",대구광역시 동구 국채보상로 827,대구광역시 동구 신천3동 850-6,교통단속,1,130,버스전용차로 차량 진행방면,,1999-11,053-803-4887,35.868391,128.620699,2020-03-18
"대구광역시청",대구광역시 동구 국채보상로 827,대구광역시 동구 신천3동 850-6,교통단속,1,130,버스전용차로 차량 진행방면,,1999-11,053-803-4887,35.868391,128.620699,2020-03-18
"대구광역시청",대구광역시 북구 관문동 618-49,대구광역시 북구 관문동 618-49,교통단속,1,130,버스전용차로 차량 진행방면,,2000-04,053-803-4887,35.902207,128.547110,2020-03-18
"대구광역시청",대구광역시 동구 아양로 245,대구광역시 동구 신암동 1575,교통단속,1,130,버스전용차로 차량 진행방면,,2003-02,053-803-4887,35.887162,128.639758,2020-03-18
"대구광역시청",대구광역시 동구 아양로 245,대구광역시 동구 신암동 1575,교통단속,1,130,버스전용차로 차량 진행방면,,2003-02,053-803-4887,35.887162,128.639758,2020-03-18
"대구광역시청",대구광역시 북구 관문동 618-49,대구광역시 북구 관문동 618-49,교통단속,1,130,버스전용차로 차량 진행방면,,2003-02,053-803-4887,35.902207,128.547110,2020-03-18
"대구광역시청",대구광역시 동구 동촌로 127,대구광역시 동구 검사동 908-5,교통단속,1,130,버스전용차로 차량 진행방면,,2004-01,053-803-4887,35.886081,128.655665,2020-03-18
"대구광역시청",대구광역시 동구 동촌로 127,대구광역시 동구 검사동 908-5,교통단속,1,130,버스전용차로 차량 진행방면,,2004-01,053-803-4887,35.886081,128.655665,2020-03-18
"대구광역시청",대구광역시 수성구 동대구로 154,대구광역시 수성구 황금2동 613,교통단속,1,130,버스전용차로 차량 진행방면,,2004-01,053-803-4887,35.844169,128.625579,2020-03-18
"대구광역시청",대구광역시 수성구 동대구로 154,대구광역시 수성구 황금2동 613,교통단속,1,130,버스전용차로 차량 진행방면,,2006-02,053-803-4887,35.844169,128.625579,2020-03-18
"대구광역시청",대구광역시 달서구 달구벌대로329길 17,대구광역시 달서구 감삼동 55-5,교통단속,1,130,버스전용차로 차량 진행방면,,2007-11,053-803-4887,35.854356,128.545107,2020-03-18
"대구광역시청",대구광역시 달서구 달구벌대로329길 17,대구광역시 달서구 감삼동 55-5,교통단속,1,130,버스전용차로 차량 진행방면,,2007-11,053-803-4887,35.854356,128.545107,2020-03-18
"대구광역시청",대구광역시 중구 성내2동 205-2,대구광역시 중구 성내2동 205-2,교통단속,1,130,버스전용차로 차량 진행방면,,2007-11,053-803-4887,35.876421,128.587995,2020-03-18
"대구광역시청",대구광역시 중구 성내2동 205-2,대구광역시 중구 성내2동 205-2,교통단속,1,130,버스전용차로 차량 진행방면,,2007-11,053-803-4887,35.876421,128.587995,2020-03-18
"대구광역시청",대구광역시 중구 국채보상로139길 1,대구광역시 중구 동인동2가 177-4,교통단속,1,130,버스전용차로 차량 진행방면,,2012-12,053-803-4887,35.869323,128.606192,2020-03-18
"대구광역시청",대구광역시 중구 국채보상로139길 1,대구광역시 중구 동인동2가 177-4,교통단속,1,130,버스전용차로 차량 진행방면,,2012-12,053-803-4887,35.869323,128.606192,2020-03-18
"대구광역시청",대구광역시 수성구 달구벌대로 2500,대구광역시 수성구 범어동 835,교통단속,1,130,버스전용차로 차량 진행방면,,2012-12,053-803-4887,35.858865,128.635623,2020-03-18
"대구광역시청",대구광역시 수성구 달구벌대로 2500,대구광역시 수성구 범어동 835,교통단속,1,130,버스전용차로 차량 진행방면,,2012-12,053-803-4887,35.858865,128.635623,2020-03-18
"대구광역시청",대구광역시 서구 국채보상로43길 15,대구광역시 서구 평리동 1495,교통단속,1,130,버스전용차로 차량 진행방면,,2013-11,053-803-4887,35.873029,128.553118,2020-03-18
"대구광역시청",대구광역시 서구 국채보상로43길 15,대구광역시 서구 평리동 1495,교통단속,1,130,버스전용차로 차량 진행방면,,2013-11,053-803-4887,35.873029,128.553118,2020-03-18
"대구광역시청",대구광역시 북구 칠곡중앙대로 180,대구광역시 북구 태전동 799-3,교통단속,1,150,버스전용차로 차량 진행방면,,2014-12,053-803-4887,35.912076,128.548828,2020-03-18
"대구광역시청",대구광역시 북구 칠곡중앙대로 180,대구광역시 북구 태전동 799-3,교통단속,1,150,버스전용차로 차량 진행방면,,2014-12,053-803-4887,35.912076,128.548828,2020-03-18
"대구광역시청",대구광역시 수성구 달구벌대로 2487,대구광역시 수성구 범어2동 170-1,교통단속,1,150,버스전용차로 차량 진행방면,,2016-12,053-803-4887,35.859278,128.634672,2020-03-18
"대구광역시청",대구광역시 수성구 달구벌대로 2530,대구광역시 수성구 범어동 211-21,교통단속,1,150,버스전용차로 차량 진행방면,,2016-12,053-803-4887,35.858580,128.639533,2020-03-18
"대구광역시청",대구광역시 중구 동덕로 127,대구광역시 중구 삼덕동2가 105-1,교통단속,1,200,불법 주정차 예상위치 방면,,2009-02,053-803-4887,35.866035,128.603131,2020-03-18
"대구광역시청",대구광역시 중구 달구벌대로 2074-1,대구광역시 중구 남산동 483,교통단속,1,130,불법 주정차 예상위치 방면,,2009-02,053-803-4887,35.865742,128.589838,2020-03-18
"대구광역시청",대구광역시 중구 달구벌대로 2074-1,대구광역시 중구 남산동 483,교통단속,1,130,불법 주정차 예상위치 방면,,2009-02,053-803-4887,35.865742,128.589838,2020-03-18
"대구광역시청",대구광역시 중구 달구벌대로 2126,대구광역시 중구 봉산동 127-3,교통단속,1,130,불법 주정차 예상위치 방면,,2009-02,053-803-4887,35.863178,128.596556,2020-03-18
"대구광역시청",대구광역시 중구 달구벌대로 2126,대구광역시 중구 봉산동 127-3,교통단속,1,130,불법 주정차 예상위치 방면,,2009-02,053-803-4887,35.863178,128.596556,2020-03-18
"대구광역시청",대구광역시 동구 동북로 306,대구광역시 동구 신암동 648-2,교통단속,1,200,불법 주정차 예상위치 방면,,2009-02,053-803-4887,35.891996,128.622289,2020-03-18
"대구광역시청",대구광역시 동구 안심로 389-2,대구광역시 동구 신서동 520-1,교통단속,1,130,불법 주정차 예상위치 방면,,2009-02,053-803-4887,35.870772,128.727449,2020-03-18
"대구광역시청",대구광역시 동구 안심로 389-2,대구광역시 동구 신서동 520-1,교통단속,1,130,불법 주정차 예상위치 방면,,2009-02,053-803-4887,35.870772,128.727449,2020-03-18
"대구광역시청",대구광역시 동구 동부로 148,대구광역시 동구 신천동 328-2,교통단속,1,130,불법 주정차 예상위치 방면,,2009-02,053-803-4887,35.877525,128.628387,2020-03-18
"대구광역시청",대구광역시 동구 동부로 148,대구광역시 동구 신천동 328-2,교통단속,1,130,불법 주정차 예상위치 방면,,2009-02,053-803-4887,35.877525,128.628387,2020-03-18
"대구광역시청",대구광역시 동구 화랑로 51,대구광역시 동구 신천동 477-2,교통단속,1,130,불법 주정차 예상위치 방면,,2009-02,053-803-4887,35.870597,128.632621,2020-03-18
"대구광역시청",대구광역시 동구 화랑로 51,대구광역시 동구 신천동 477-2,교통단속,1,130,불법 주정차 예상위치 방면,,2009-02,053-803-4887,35.870597,128.632621,2020-03-18
"대구광역시청",대구광역시 동구 효목로 30,대구광역시 동구 효목동 553-3,교통단속,1,130,불법 주정차 예상위치 방면,,2009-02,053-803-4887,35.874447,128.639885,2020-03-18
"대구광역시청",대구광역시 동구 효목로 30,대구광역시 동구 효목동 553-3,교통단속,1,130,불법 주정차 예상위치 방면,,2009-02,053-803-4887,35.874447,128.639885,2020-03-18
"대구광역시청",대구광역시 동구 효목로 16,대구광역시 동구 효목동 543,교통단속,1,130,불법 주정차 예상위치 방면,,2009-02,053-803-4887,35.874447,128.639885,2020-03-18
"대구광역시청",대구광역시 동구 효목로 16,대구광역시 동구 효목동 543,교통단속,1,130,불법 주정차 예상위치 방면,,2009-02,053-803-4887,35.874447,128.639885,2020-03-18
"대구광역시청",대구광역시 동구 화랑로 419,대구광역시 동구 방촌동 1118-123,교통단속,1,200,불법 주정차 예상위치 방면,,2009-02,053-803-4887,35.876664,128.668631,2020-03-18
"대구광역시청",대구광역시 동구 반야월로 138,대구광역시 동구 신기동 178-3,교통단속,1,130,불법 주정차 예상위치 방면,,2009-02,053-803-4887,35.872585,128.705678,2020-03-18
"대구광역시청",대구광역시 동구 반야월로 138,대구광역시 동구 신기동 178-3,교통단속,1,130,불법 주정차 예상위치 방면,,2009-02,053-803-4887,35.872585,128.705678,2020-03-18
"대구광역시청",대구광역시 서구 국채보상로 252,대구광역시 서구 평리동 1334-6,교통단속,1,200,불법 주정차 예상위치 방면,,2009-02,053-803-4887,35.871738,128.559182,2020-03-18
"대구광역시청",대구광역시 서구 국채보상로 185,대구광역시 서구 평리동 1527-16,교통단속,1,130,불법 주정차 예상위치 방면,,2009-02,053-803-4887,35.869834,128.550519,2020-03-18
"대구광역시청",대구광역시 서구 국채보상로 185,대구광역시 서구 평리동 1527-16,교통단속,1,130,불법 주정차 예상위치 방면,,2009-02,053-803-4887,35.869834,128.550519,2020-03-18
"대구광역시청",대구광역시 서구 국채보상로 426,대구광역시 서구 비산4동 169-1,교통단속,1,130,불법 주정차 예상위치 방면,,2009-02,053-803-4887,35.870994,128.576991,2020-03-18
"대구광역시청",대구광역시 서구 국채보상로 426,대구광역시 서구 비산4동 169-1,교통단속,1,130,불법 주정차 예상위치 방면,,2009-02,053-803-4887,35.870994,128.576991,2020-03-18
"대구광역시청",대구광역시 서구 당산로 228,대구광역시 서구 내당4동 456-1,교통단속,1,130,불법 주정차 예상위치 방면,,2009-02,053-803-4887,35.857089,128.548513,2020-03-18
"대구광역시청",대구광역시 서구 당산로 228,대구광역시 서구 내당4동 456-1,교통단속,1,130,불법 주정차 예상위치 방면,,2009-02,053-803-4887,35.857089,128.548513,2020-03-18
"대구광역시청",대구광역시 서구 서대구로 40,대구광역시 서구 내당동 244-7,교통단속,1,130,불법 주정차 예상위치 방면,,2009-02,053-803-4887,35.858552,128.558801,2020-03-18
"대구광역시청",대구광역시 서구 서대구로 40,대구광역시 서구 내당동 244-7,교통단속,1,130,불법 주정차 예상위치 방면,,2009-02,053-803-4887,35.858552,128.558801,2020-03-18
"대구광역시청",대구광역시 수성구 화랑로 46,대구광역시 수성구 만촌동 1356-22 성원넥서스,교통단속,1,130,불법 주정차 예상위치 방면,,2009-02,053-803-4887,35.870014,128.633073,2020-03-18
"대구광역시청",대구광역시 수성구 화랑로 46,대구광역시 수성구 만촌동 1356-22 성원넥서스,교통단속,1,130,불법 주정차 예상위치 방면,,2009-02,053-803-4887,35.870014,128.633073,2020-03-18
"대구광역시청",대구광역시 수성구 들안로60길 17,대구광역시 수성구 수성동3가 130-1,교통단속,1,130,불법 주정차 예상위치 방면,,2009-02,053-803-4887,35.857992,128.619046,2020-03-18
"대구광역시청",대구광역시 수성구 들안로60길 17,대구광역시 수성구 수성동3가 130-1,교통단속,1,130,불법 주정차 예상위치 방면,,2009-02,053-803-4887,35.857992,128.619046,2020-03-18
"대구광역시청",대구광역시 달서구 용산로 235,대구광역시 달서구 용산동 930-3,교통단속,1,200,불법 주정차 예상위치 방면,,2009-02,053-803-4887,35.858501,128.530289,2020-03-18
"대구광역시청",대구광역시 달서구 용산로 222,대구광역시 달서구 용산동 934,교통단속,1,130,불법 주정차 예상위치 방면,,2009-02,053-803-4887,35.857427,128.530831,2020-03-18
"대구광역시청",대구광역시 달서구 용산로 222,대구광역시 달서구 용산동 934,교통단속,1,130,불법 주정차 예상위치 방면,,2009-02,053-803-4887,35.857427,128.530831,2020-03-18
"대구광역시청",대구광역시 달서구 달구벌대로 1095,대구광역시 달서구 신당동 1000-2,교통단속,1,130,불법 주정차 예상위치 방면,,2009-02,053-803-4887,35.855631,128.491328,2020-03-18
"대구광역시청",대구광역시 달서구 달구벌대로 1095,대구광역시 달서구 신당동 1000-2,교통단속,1,130,불법 주정차 예상위치 방면,,2009-02,053-803-4887,35.855631,128.491328,2020-03-18
"대구광역시청",대구광역시 달서구 달구벌대로 1664,대구광역시 달서구 감삼동 106-2,교통단속,1,130,불법 주정차 예상위치 방면,,2009-02,053-803-4887,35.853898,128.548039,2020-03-18
"대구광역시청",대구광역시 달서구 달구벌대로 1664,대구광역시 달서구 감삼동 106-2,교통단속,1,130,불법 주정차 예상위치 방면,,2009-02,053-803-4887,35.853898,128.548039,2020-03-18
"대구광역시청",대구광역시 중구 국채보상로 537,대구광역시 중구 상서동 22-2,교통단속,1,130,불법 주정차 예상위치 방면,,2010-12,053-803-4887,35.870748,128.588735,2020-03-18
"대구광역시청",대구광역시 중구 국채보상로 537,대구광역시 중구 상서동 22-2,교통단속,1,130,불법 주정차 예상위치 방면,,2010-12,053-803-4887,35.870748,128.588735,2020-03-18
"대구광역시청",대구광역시 중구 국채보상로 597,대구광역시 중구 동성로2가 41-1,교통단속,1,200,불법 주정차 예상위치 방면,,2010-12,053-803-4887,35.870474,128.595337,2020-03-18
"대구광역시청",대구광역시 중구 국채보상로 597,대구광역시 중구 동성로2가 41-1,교통단속,1,200,불법 주정차 예상위치 방면,,2010-12,053-803-4887,35.870474,128.595337,2020-03-18
"대구광역시청",대구광역시 중구 큰장로 110,대구광역시 중구 대신동 1012,교통단속,1,130,불법 주정차 예상위치 방면,,2010-12,053-803-4887,35.868153,128.578404,2020-03-18
"대구광역시청",대구광역시 중구 큰장로 110,대구광역시 중구 대신동 1012,교통단속,1,130,불법 주정차 예상위치 방면,,2010-12,053-803-4887,35.868153,128.578404,2020-03-18
"대구광역시청",대구광역시 중구 중앙대로 407-3,대구광역시 중구 남일동 124-5,교통단속,1,130,불법 주정차 예상위치 방면,,2010-12,053-803-4887,35.870999,128.593574,2020-03-18
"대구광역시청",대구광역시 중구 중앙대로 407-3,대구광역시 중구 남일동 124-5,교통단속,1,130,불법 주정차 예상위치 방면,,2010-12,053-803-4887,35.870999,128.593574,2020-03-18
"대구광역시청",대구광역시 중구 중앙대로 393,대구광역시 중구 동성로3가 7-7,교통단속,1,130,불법 주정차 예상위치 방면,,2010-12,053-803-4887,35.865535,128.592103,2020-03-18
"대구광역시청",대구광역시 중구 중앙대로 393,대구광역시 중구 동성로3가 7-7,교통단속,1,130,불법 주정차 예상위치 방면,,2010-12,053-803-4887,35.865535,128.592103,2020-03-18
"대구광역시청",대구광역시 중구 큰장로 123,대구광역시 서구 내당동 1038-3,교통단속,1,130,불법 주정차 예상위치 방면,,2010-12,053-803-4887,35.868838,128.580495,2020-03-18
"대구광역시청",대구광역시 중구 큰장로 123,대구광역시 서구 내당동 1038-3,교통단속,1,130,불법 주정차 예상위치 방면,,2010-12,053-803-4887,35.868838,128.580495,2020-03-18
"대구광역시청",대구광역시 서구 달구벌대로 1813,대구광역시 서구 내당동 65-5,교통단속,1,130,불법 주정차 예상위치 방면,,2010-12,053-803-4887,35.860031,128.562937,2020-03-18
"대구광역시청",대구광역시 서구 달구벌대로 1813,대구광역시 서구 내당동 65-5,교통단속,1,130,불법 주정차 예상위치 방면,,2010-12,053-803-4887,35.860031,128.562937,2020-03-18
"대구광역시청",대구광역시 남구 현충로 255,대구광역시 남구 대명동 2131-29,교통단속,1,130,불법 주정차 예상위치 방면,,2010-12,053-803-4887,35.854405,128.581327,2020-03-18
"대구광역시청",대구광역시 남구 현충로 255,대구광역시 남구 대명동 2131-29,교통단속,1,130,불법 주정차 예상위치 방면,,2010-12,053-803-4887,35.854405,128.581327,2020-03-18
"대구광역시청",대구광역시 남구 대명로 157,대구광역시 남구 대명동 809-3,교통단속,1,200,불법 주정차 예상위치 방면,,2010-12,053-803-4887,35.839389,128.574993,2020-03-18
"대구광역시청",대구광역시 달서구 달구벌대로 1467,대구광역시 달서구 용산동 230-11,교통단속,1,130,불법 주정차 예상위치 방면,,2010-12,053-803-4887,35.849328,128.527237,2020-03-18
"대구광역시청",대구광역시 달서구 달구벌대로 1467,대구광역시 달서구 용산동 230-11,교통단속,1,130,불법 주정차 예상위치 방면,,2010-12,053-803-4887,35.849328,128.527237,2020-03-18
"대구광역시청",대구광역시 달서구 장산로,대구광역시 달서구 용산동 926,교통단속,1,130,불법 주정차 예상위치 방면,,2011-01,053-803-4887,35.856439,128.525021,2020-03-18
"대구광역시청",대구광역시 달서구 장산로,대구광역시 달서구 용산동 926,교통단속,1,130,불법 주정차 예상위치 방면,,2011-01,053-803-4887,35.856439,128.525021,2020-03-18
"대구광역시청",대구광역시 달서구 장산로,대구광역시 달서구 용산동 376-2,교통단속,1,130,불법 주정차 예상위치 방면,,2011-01,053-803-4887,35.856439,128.525021,2020-03-18
"대구광역시청",대구광역시 달서구 장산로,대구광역시 달서구 용산동 376-2,교통단속,1,130,불법 주정차 예상위치 방면,,2011-01,053-803-4887,35.856439,128.525021,2020-03-18
"대구광역시청",대구광역시 중구 태평로 295,대구광역시 중구 동인동3가 367-28,교통단속,1,130,불법 주정차 예상위치 방면,,2011-01,053-803-4887,35.873747,128.609374,2020-03-18
"대구광역시청",대구광역시 중구 태평로 295,대구광역시 중구 동인동3가 367-28,교통단속,1,130,불법 주정차 예상위치 방면,,2011-01,053-803-4887,35.873747,128.609374,2020-03-18
"대구광역시청",대구광역시 동구 아양로 65-1,대구광역시 동구 신암동 588-4,교통단속,1,130,불법 주정차 예상위치 방면,,2011-11,053-803-4887,35.883043,128.619216,2020-03-18
"대구광역시청",대구광역시 동구 아양로 65-1,대구광역시 동구 신암동 588-4,교통단속,1,130,불법 주정차 예상위치 방면,,2011-11,053-803-4887,35.883043,128.619216,2020-03-18
"대구광역시청",대구광역시 수성구 동대구로 359,대구광역시 수성구 범어동 32-1,교통단속,1,130,불법 주정차 예상위치 방면,,2011-11,053-803-4887,35.862652,128.626828,2020-03-18
"대구광역시청",대구광역시 수성구 동대구로 359,대구광역시 수성구 범어동 32-1,교통단속,1,130,불법 주정차 예상위치 방면,,2011-11,053-803-4887,35.862652,128.626828,2020-03-18
"대구광역시청",대구광역시 달서구 달구벌대로 1790,대구광역시 달서구 두류동 135-13 현대해상 빌딩,교통단속,1,130,불법 주정차 예상위치 방면,,2011-11,053-803-4887,35.858558,128.560774,2020-03-18
"대구광역시청",대구광역시 달서구 달구벌대로 1790,대구광역시 달서구 두류동 135-13 현대해상 빌딩,교통단속,1,130,불법 주정차 예상위치 방면,,2011-11,053-803-4887,35.858558,128.560774,2020-03-18
"대구광역시청",대구광역시 동구 해동로 6,대구광역시 동구 지저동 669-60,교통단속,1,130,불법 주정차 예상위치 방면,,2016-02,053-803-4887,35.897817,128.637785,2020-03-18
"대구광역시청",대구광역시 동구 해동로 6,대구광역시 동구 지저동 669-60,교통단속,1,130,불법 주정차 예상위치 방면,,2016-02,053-803-4887,35.897817,128.637785,2020-03-18
"대구광역시청",대구광역시 북구 동북로 163,대구광역시 북구 산격동 500-1,교통단속,1,200,불법 주정차 예상위치 방면,,2013-01,053-803-4887,35.900436,128.611171,2020-03-18
"대구광역시청",대구광역시 북구 동북로 163,대구광역시 북구 산격동 500-1,교통단속,1,200,불법 주정차 예상위치 방면,,2013-01,053-803-4887,35.900436,128.611171,2020-03-18
"대구광역시청",대구광역시 수성구 수성로 313,대구광역시 수성구 수성동1가 275-87,교통단속,1,200,불법 주정차 예상위치 방면,,2013-01,053-803-4887,35.853262,128.612345,2020-03-18
"대구광역시청",대구광역시 수성구 수성로 313,대구광역시 수성구 수성동1가 275-87,교통단속,1,200,불법 주정차 예상위치 방면,,2013-01,053-803-4887,35.853262,128.612345,2020-03-18
"대구광역시청",대구광역시 달성군 다사읍 서재로 139,대구광역시 달성군 다사읍 서재리 90,교통단속,1,200,불법 주정차 예상위치 방면,,2013-01,053-803-4887,35.875914,128.496658,2020-03-18
"대구광역시청",대구광역시 달성군 다사읍 서재로 139,대구광역시 달성군 다사읍 서재리 90,교통단속,1,200,불법 주정차 예상위치 방면,,2013-01,053-803-4887,35.875914,128.496658,2020-03-18
"대구광역시청",대구광역시 서구 국채보상로50길 20,대구광역시 서구 평리동 1680,교통단속,1,200,불법 주정차 예상위치 방면,,2015-01,053-803-4887,35.868493,128.557841,2020-03-18
"대구광역시청",대구광역시 서구 서대구로 299,대구광역시 서구 비산동 1840-3,교통단속,1,200,불법 주정차 예상위치 방면,,2015-01,053-803-4887,35.884268,128.555227,2020-03-18
"대구광역시청",대구광역시 북구 침산로 153,대구광역시 북구 침산동 269-10,교통단속,1,200,불법 주정차 예상위치 방면,,2015-01,053-803-4887,35.889716,128.590236,2020-03-18
"대구광역시청",대구광역시 달서구 진천로 9길 30,대구광역시 달서구 진천동 495-10,교통단속,1,200,불법 주정차 예상위치 방면,,2015-01,053-803-4887,35.812600,128.523502,2020-03-18
"대구광역시청",대구광역시 수성구 화랑로 98,대구광역시 수성구 만촌동 1327-8,교통단속,1,200,불법 주정차 예상위치 방면,,2015-01,053-803-4887,35.872526,128.637471,2020-03-18
"대구광역시청",대구광역시 달서구 월배로 458,대구광역시 달서구 송현1동 194-2,교통단속,1,200,불법 주정차 예상위치 방면,,2015-01,053-803-4887,35.834014,128.555365,2020-03-18
"대구광역시청",대구광역시 동구 동대구로 550,대구광역시 동구 신암동 294,교통단속,1,200,불법 주정차 예상위치 방면,,2016-05,053-803-4887,35.878008,128.627881,2020-03-18
"대구광역시청",대구광역시 동구 신암남로 113,대구광역시 동구 신암동 259-9,교통단속,1,200,불법 주정차 예상위치 방면,,2016-12,053-803-4887,35.880531,128.627628,2020-03-18
"대구광역시청",대구광역시 동구 동부로 111,대구광역시 동구 신천동 72-5,교통단속,1,200,불법 주정차 예상위치 방면,,2016-12,053-803-4887,35.876501,128.626077,2020-03-18
"대구광역시청",대구광역시 동구 동부로 177,대구광역시 동구 효목동 278-3,교통단속,1,200,불법 주정차 예상위치 방면,,2016-12,053-803-4887,35.878286,128.631758,2020-03-18
"대구광역시청",대구광역시 남구 용두길 32,대구광역시 남구 봉덕동 1581-70,교통단속,1,200,불법 주정차 예상위치 방면,,2016-12,053-803-4887,35.831865,128.604338,2020-03-18
"대구광역시청",대구광역시 동구 동부로 153,대구광역시 동구 신천동 1506,교통단속,1,200,불법 주정차 예상위치 방면,,2017-03,053-803-4887,35.877251,128.628842,2020-03-18
"대구광역시청",대구광역시 동구 동부로 153,대구광역시 동구 신천동 1506,교통단속,1,200,불법 주정차 예상위치 방면,,2017-03,053-803-4887,35.877761,128.630987,2020-03-18
"대구광역시청",대구광역시 중구 달구벌대로 2226,대구광역시 중구 대봉1동 12-65,교통단속,1,200,불법 주정차 예상위치 방면,,2017-05,053-803-4887,35.862188,128.606484,2020-03-18
"대구광역시청",대구광역시 동구 동대구로 550,대구광역시 동구 신암동 305,교통단속,1,200,불법 주정차 예상위치 방면,,2017-05,053-803-4887,35.879524,128.630023,2020-03-18
"대구광역시청",대구광역시 동구 동대구로 484-2,대구광역시 동구 신천동 293-1,교통단속,1,200,불법 주정차 예상위치 방면,,2017-05,053-803-4887,35.873342,128.625474,2020-03-18
"대구광역시청",대구광역시 동구 동대구로 498,대구광역시 동구 신천동 288-4,교통단속,1,200,불법 주정차 예상위치 방면,,2017-05,053-803-4887,35.875385,128.626104,2020-03-18
"대구광역시청",대구광역시 동구 동부로 22길 5,대구광역시 동구 신천동 327-1,교통단속,1,200,불법 주정차 예상위치 방면,,2017-05,053-803-4887,35.876139,128.604338,2020-03-18
"대구광역시청",대구광역시 동구 신암남로 169,대구광역시 동구 신암동 337-7,교통단속,1,200,불법 주정차 예상위치 방면,,2017-05,053-803-4887,35.884362,128.632107,2020-03-18
"대구광역시청",대구광역시 동구 국채보상로 155길 8,대구광역시 동구 신천동 819-5,교통단속,1,200,불법 주정차 예상위치 방면,,2017-05,053-803-4887,35.868862,128.614957,2020-03-18
"대구광역시청",대구광역시 동구 이노밸리로 305,대구광역시 동구 신서동 1149-1,교통단속,1,200,불법 주정차 예상위치 방면,,2017-05,053-803-4887,35.878052,128.730121,2020-03-18
"대구광역시청",대구광역시 동구 신암로 98,대구광역시 동구 신암동 1196-2,교통단속,1,200,불법 주정차 예상위치 방면,,2017-05,053-803-4887,35.879574,128.610627,2020-03-18
"대구광역시청",대구광역시 동구 동호로 132,대구광역시 동구 신서동 561,교통단속,1,200,불법 주정차 예상위치 방면,,2017-05,053-803-4887,35.867264,128.730851,2020-03-18
"대구광역시청",대구광역시 동구 효신로 53,대구광역시 동구 신천동 399-19,교통단속,1,200,불법 주정차 예상위치 방면,,2017-05,053-803-4887,35.876443,128.632836,2020-03-18
"대구광역시청",대구광역시 동구 효신로 42,대구광역시 동구 효목동 397-1,교통단속,1,200,불법 주정차 예상위치 방면,,2017-05,053-803-4887,35.875739,128.633671,2020-03-18
"대구광역시청",대구광역시 서구 달구벌대로 1709,대구광역시 서구 내당동 465-1,교통단속,1,200,불법 주정차 예상위치 방면,,2017-05,053-803-4887,35.856139,128.552396,2020-03-18
"대구광역시청",대구광역시 서구 국채보상로 316,대구광역시 서구 평리2동 1676,교통단속,1,200,불법 주정차 예상위치 방면,,2017-05,053-803-4887,35.871954,128.565028,2020-03-18
"대구광역시청",대구광역시 서구 북비산로 156,대구광역시 서구 평리동 573-2,교통단속,1,200,불법 주정차 예상위치 방면,,2017-05,053-803-4887,35.878792,128.550331,2020-03-18
"대구광역시청",대구광역시 남구 용두길 75,대구광역시 남구 봉덕동 1218,교통단속,1,200,불법 주정차 예상위치 방면,,2017-05,053-803-4887,35.831857,128.604202,2020-03-18
"대구광역시청",대구광역시 남구 앞산순환로 574-87,대구광역시 남구 대명동 산 227-5,교통단속,1,200,불법 주정차 예상위치 방면,,2017-05,053-803-4887,35.830125,128.589002,2020-03-18
"대구광역시청",대구광역시 북구 사수로 589,대구광역시 북구 팔달동 230-1,교통단속,1,200,불법 주정차 예상위치 방면,,2017-05,053-803-4887,35.895811,128.539383,2020-03-18
"대구광역시청",대구광역시 북구 동북로 49길 15,대구광역시 북구 복현동 214-1,교통단속,1,200,불법 주정차 예상위치 방면,,2017-05,053-803-4887,35.896726,128.619864,2020-03-18
"대구광역시청",대구광역시 북구 칠곡중앙대로 416,대구광역시 북구 읍내동 1343-6,교통단속,1,200,불법 주정차 예상위치 방면,,2017-05,053-803-4887,35.933206,128.549374,2020-03-18
"대구광역시청",대구광역시 수성구 달구벌대로 3182,대구광역시 수성구 신매동 566-1,교통단속,1,200,불법 주정차 예상위치 방면,,2017-05,053-803-4887,35.840652,128.704766,2020-03-18
"대구광역시청",대구광역시 수성구 명덕로 73길 32,대구광역시 수성구 수성동1가 629-29,교통단속,1,200,불법 주정차 예상위치 방면,,2017-05,053-803-4887,35.840652,128.704766,2020-03-18
"대구광역시청",대구광역시 수성구 만촌로 125,대구광역시 수성구 만촌동 1425,교통단속,1,200,불법 주정차 예상위치 방면,,2017-05,053-803-4887,35.870295,128.641066,2020-03-18
"대구광역시청",대구광역시 달서구 당산로 40,대구광역시 달서구 본리동 154,교통단속,1,200,불법 주정차 예상위치 방면,,2017-05,053-803-4887,35.840762,128.544868,2020-03-18
"대구광역시청",대구광역시 달서구 송현로 81,대구광역시 달서구 송현동 898-4,교통단속,1,200,불법 주정차 예상위치 방면,,2017-05,053-803-4887,35.824444,128.543418,2020-03-18
"대구광역시청",대구광역시 달서구 선원남로 120,대구광역시 달서구 이곡동 1304-4,교통단속,1,200,불법 주정차 예상위치 방면,,2017-05,053-803-4887,35.824444,128.513651,2020-03-18
"대구광역시청",대구광역시 달성군 새동네로 34,대구광역시 달서구 용산동 410-2,교통단속,1,200,불법 주정차 예상위치 방면,,2017-05,053-803-4887,35.852435,128.518763,2020-03-18
"대구광역시청",대구광역시 달성군 테크노대로 5길 34,대구광역시 달성군 봉리 623,교통단속,1,200,불법 주정차 예상위치 방면,,2017-05,053-803-4887,35.691772,128.466869,2020-03-18
"대구광역시청",대구광역시 달성군 돌미로 36,대구광역시 달성군 강림리 1125,교통단속,1,200,불법 주정차 예상위치 방면,,2017-05,053-803-4887,35.779379,128.438180,2020-03-18
"대구광역시청",대구광역시 달성군 달구벌대로 859,대구광역시 달성군 매곡리 1546-6,교통단속,1,200,불법 주정차 예상위치 방면,,2017-05,053-803-4887,35.859405,128.463556,2020-03-18
"대구광역시청",대구광역시 달서구 두류동 584-4,대구광역시 달서구 두류동 584-4,생활방범,1,200,야구장입구 삼거리 방면,,2015-11,053-803-7482,35.850936,128.559789,2020-03-18
"대구광역시청",대구광역시 달서구 두류동 587-22,대구광역시 달서구 두류동 587-22,생활방범,1,200,2.28 주차장 방면,,2015-11,053-803-7482,35.850676,128.559590,2020-03-18
"대구광역시청",대구광역시 달서구 두류동 595-1,대구광역시 달서구 두류동 595-1,생활방범,1,200,광장휴게소 주차장 방면,,2015-11,053-803-7482,35.851506,128.558925,2020-03-18
"대구광역시청",대구광역시 달서구 두류동 597-6,대구광역시 달서구 두류동 597-6,생활방범,1,200,두류테니스장 주차장 방면,,2015-11,053-803-7482,35.851746,128.556701,2020-03-18
"대구광역시청",대구광역시 달서구 공원순환로 46(두류동),대구광역시 달서구 공원순환로 46(두류동),생활방범,1,200,관광정보센터 주차장 방면,,2015-11,053-803-7482,35.850959,128.558444,2020-03-18
"대구광역시청",대구광역시 달서구 두류동 산314,대구광역시 달서구 두류동 산314,생활방범,1,200,야외음악당옆 인도 방면,,2015-11,053-803-7482,35.850161,128.556614,2020-03-18
"대구광역시청",대구광역시 달서구 두류동 산326-11,대구광역시 달서구 두류동 산326-11,생활방범,1,200,산마루휴게소 주차장 방면,,2015-11,053-803-7482,35.848764,128.554342,2020-03-18
"대구광역시청",대구광역시 달서구 성당동 산214-2,대구광역시 달서구 성당동 산214-2,생활방범,1,200,체육공원 사거리 방면,,2015-11,053-803-7482,35.845968,128.553041,2020-03-18
"대구광역시청",대구광역시 달서구 성당동 195-9,대구광역시 달서구 성당동 195-9,생활방범,1,200,반도지 삼거리 방면,,2015-11,053-803-7482,35.843131,128.558050,2020-03-18
"대구광역시청",대구광역시 달서구 성당동 산235-2,대구광역시 달서구 성당동 산235-2,생활방범,1,200,수경지 방면,,2015-11,053-803-7482,35.843182,128.557875,2020-03-18
"대구광역시청",대구광역시 달서구 성당동 195-7,대구광역시 달서구 성당동 195-7,생활방범,1,200,부용정 입구 방면,,2015-11,053-803-7482,35.844016,128.559885,2020-03-18
"대구광역시청",대구광역시 달서구 성당동 산200-2,대구광역시 달서구 성당동 산200-2,생활방범,1,200,성당휴게소 사거리 방면,,2015-11,053-803-7482,35.844496,128.561050,2020-03-18
"대구광역시청",대구광역시 달서구 공원순환로 216(성당동),대구광역시 달서구 공원순환로 216(성당동),생활방범,1,200,성당못 방면,,2015-11,053-803-7482,35.843792,128.561303,2020-03-18
"대구광역시청",대구광역시 달서구 성당동 195-11,대구광역시 달서구 성당동 195-11,생활방범,1,200,성당주차장 방면,,2015-11,053-803-7482,35.843689,128.562084,2020-03-18
"대구광역시청",대구광역시 달서구 성당동 195-11,대구광역시 달서구 성당동 195-11,생활방범,1,200,인라인스케이트장 방면,,2015-11,053-803-7482,35.845145,128.562186,2020-03-18
"대구광역시청",대구광역시 달서구 성당동 169,대구광역시 달서구 성당동 169,생활방범,1,200,다목적 운동장 방면,,2015-11,053-803-7482,35.845078,128.563676,2020-03-18
"대구광역시청",대구광역시 달서구 성당동 산198-6,대구광역시 달서구 성당동 산198-6,생활방범,1,200,친수형 휴게마당 방면,,2015-11,053-803-7482,35.846758,128.560515,2020-03-18
"대구광역시청",대구광역시 달서구 성당동 산189,대구광역시 달서구 성당동 산189,생활방범,1,200,두류수영장 뒷편 삼거리 방면,,2015-11,053-803-7482,35.847533,128.562816,2020-03-18
"대구광역시청",대구광역시 달서구 성당동 산305-8,대구광역시 달서구 성당동 산305-8,생활방범,1,200,시계탑 삼거리 방면,,2015-11,053-803-7482,35.849725,128.561928,2020-03-18
"대구광역시청",대구광역시 달서구 성당동 산305-9,대구광역시 달서구 성당동 산305-9,생활방범,1,200,관리사무소 입구 방면,,2015-11,053-803-7482,35.851212,128.562976,2020-03-18
"대구광역시청",대구광역시 북구 조야로2길 121,대구광역시 북구 서변동 1585,재난재해,1,200,하천 수위 방면,,2015-05,053-803-2672,35.905292,128.590619,2020-03-18
"대구광역시청",대구광역시 달성군 화원읍 사문진로1길 35,대구광역시 달성군 화원읍 성산리 269,재난재해,1,200,하천 수위 방면,,2015-05,053-803-2672,35.812155,128.478358,2020-03-18
"대구광역시청",대구광역시 수성구 상동 667-53,대구광역시 수성구 상동 667-53,재난재해,1,200,하천 수위 방면,,2015-05,053-803-2672,35.834642,128.606365,2020-03-18
"대구광역시청",대구광역시 동구 효목동 3-7,대구광역시 동구 효목동 3-7,재난재해,1,200,하천 수위 방면,,2015-05,053-803-2672,35.888882,128.641665,2020-03-18
"대구광역시청",대구광역시 북구 조야로12길 3,대구광역시 북구 조야로12길 3,재난재해,1,200,하천 수위 방면,,2015-05,053-803-2672,35.912045,128.576868,2020-03-18
"대구광역시청",대구광역시 수성구 파동 581-125,대구광역시 수성구 파동 581-125,재난재해,1,200,하천 수위 방면,,2015-05,053-803-2672,35.810768,128.617916,2020-03-18
"대구광역시청",대구광역시 북구 팔달동 524-4,대구광역시 북구 팔달동 524-4,재난재해,1,200,하천 수위 방면,,2015-05,053-803-2672,35.896540,128.549892,2020-03-18
"대구광역시청",대구광역시 동구 방촌동 1078-3,대구광역시 동구 방촌동 1078-3,재난재해,1,200,하천 수위 방면,,2015-05,053-803-2672,35.876845,128.660001,2020-03-18
"대구광역시청",대구광역시 남구 봉덕동 1617-1,대구광역시 남구 봉덕동 1617-1,재난재해,1,200,하천 수위 방면,,2014-09,053-803-2672,35.836018,128.605721,2020-03-18
"대구광역시청",대구광역시 남구 봉덕동 1617-1,대구광역시 남구 봉덕동 1617-1,재난재해,1,200,하천 수위 방면,,2014-09,053-803-2672,35.836018,128.605721,2020-03-18
"대구광역시청",대구광역시 수성구 파동 613-1,대구광역시 수성구 파동 613-1,재난재해,1,200,하천 수위 방면,,2014-09,053-803-2672,35.825131,128.609174,2020-03-18
"대구광역시청",대구광역시 수성구 파동 608-8,대구광역시 수성구 파동 608-8,재난재해,1,200,하천 수위 방면,,2014-09,053-803-2672,35.823912,128.607848,2020-03-18
"대구광역시청",대구광역시 남구 봉덕동 1632,대구광역시 남구 봉덕동 1632,교통정보수집,1,41,자동차 진행 방면,,1998-02,053-803-4573,35.834579,128.606361,2020-03-18
"대구광역시청",대구광역시 남구 이천동 655-144,대구광역시 남구 이천동 655-144,교통정보수집,1,41,자동차 진행 방면,,2000-12,053-803-4573,35.847503,128.606572,2020-03-18
"대구광역시청",대구광역시 중구 삼덕동3가,대구광역시 중구 삼덕동3가,교통정보수집,1,41,자동차 진행 방면,,1994-09,053-803-4573,35.861754,128.608872,2020-03-18
"대구광역시청",대구광역시 중구 동인동3가 376-17,대구광역시 중구 동인동3가 376-17,교통정보수집,1,41,자동차 진행 방면,,1991-10,053-803-4573,35.873841,128.611610,2020-03-18
"대구광역시청",대구광역시 북구 대현동 396,대구광역시 북구 대현동 396,교통정보수집,1,41,자동차 진행 방면,,2000-12,053-803-4573,35.886333,128.601500,2020-03-18
"대구광역시청",대구광역시 북구 침산동 663-2,대구광역시 북구 침산동 663-2,교통정보수집,1,41,자동차 진행 방면,,1991-10,053-803-4573,35.900976,128.592666,2020-03-18
"대구광역시청",대구광역시 북구 팔달동 524-25,대구광역시 북구 팔달동 524-25,교통정보수집,1,41,자동차 진행 방면,,1997-06,053-803-4573,35.895715,128.550481,2020-03-18
"대구광역시청",대구광역시 북구 노원동3가 784-1,대구광역시 북구 노원동3가 784-1,교통정보수집,1,41,자동차 진행 방면,,1991-10,053-803-4573,35.889723,128.562306,2020-03-18
"대구광역시청",대구광역시 남구 봉덕동 1306,대구광역시 남구 봉덕동 1306,교통정보수집,1,41,자동차 진행 방면,,2000-12,053-803-4573,35.845328,128.590502,2020-03-18
"대구광역시청",대구광역시 달서구 송현동 1044-2,대구광역시 달서구 송현동 1044-2,교통정보수집,1,41,자동차 진행 방면,,1994-07,053-803-4573,35.836841,128.557791,2020-03-18
"대구광역시청",대구광역시 달서구 본리동 1150,대구광역시 달서구 본리동 1150,교통정보수집,1,41,자동차 진행 방면,,1999-01,053-803-4573,35.837492,128.536951,2020-03-18
"대구광역시청",대구광역시 달서구 두류동 1290-1,대구광역시 달서구 두류동 1290-1,교통정보수집,1,41,자동차 진행 방면,,1994-07,053-803-4573,35.857927,128.557478,2020-03-18
"대구광역시청",대구광역시 수성구 만촌동 1310-2,대구광역시 수성구 만촌동 1310-2,교통정보수집,1,41,자동차 진행 방면,,1994-07,053-803-4573,35.858963,128.646131,2020-03-18
"대구광역시청",대구광역시 수성구 범어동 835,대구광역시 수성구 범어동 835,교통정보수집,1,41,자동차 진행 방면,,1991-10,053-803-4573,35.859154,128.626202,2020-03-18
"대구광역시청",대구광역시 수성구 범어동 834,대구광역시 수성구 범어동 834,교통정보수집,1,41,자동차 진행 방면,,1991-10,053-803-4573,35.866965,128.626776,2020-03-18
"대구광역시청",대구광역시 동구 신천동 742,대구광역시 동구 신천동 742,교통정보수집,1,41,자동차 진행 방면,,1991-10,053-803-4573,35.879684,128.628467,2020-03-18
"대구광역시청",대구광역시 중구 덕산동 110,대구광역시 중구 덕산동 110,교통정보수집,1,41,자동차 진행 방면,,1988-08,053-803-4573,35.865592,128.593392,2020-03-18
"대구광역시청",대구광역시 중구 포정동 58-12,대구광역시 중구 포정동 58-12,교통정보수집,1,41,자동차 진행 방면,,1988-08,053-803-4573,35.871076,128.593987,2020-03-18
"대구광역시청",대구광역시 중구 태평로 2가 33-1,대구광역시 중구 태평로 2가 33-1,교통정보수집,1,41,자동차 진행 방면,,2000-12,053-803-4573,35.875100,128.594804,2020-03-18
"대구광역시청",대구광역시 중구 대신동 115-1,대구광역시 중구 대신동 115-1,교통정보수집,1,41,자동차 진행 방면,,1988-08,053-803-4573,35.870613,128.582196,2020-03-18
"대구광역시청",대구광역시 서구 평리동 1621-3,대구광역시 서구 평리동 1621-3,교통정보수집,1,41,자동차 진행 방면,,1994-07,053-803-4573,35.879089,128.554931,2020-03-18
"대구광역시청",대구광역시 북구 산격동 1628,대구광역시 북구 산격동 1628,교통정보수집,1,41,자동차 진행 방면,,2002-11,053-803-4573,35.895883,128.590203,2020-03-18
"대구광역시청",대구광역시 남구 대명동 901-1,대구광역시 남구 대명동 901-1,교통정보수집,1,41,자동차 진행 방면,,2002-11,053-803-4573,35.838979,128.576857,2020-03-18
"대구광역시청",대구광역시 북구 태전동 206-3,대구광역시 북구 태전동 206-3,교통정보수집,1,41,자동차 진행 방면,,2002-04,053-803-4573,35.920164,128.546531,2020-03-18
"대구광역시청",대구광역시 서구 이현동 282-2,대구광역시 서구 이현동 282-2,교통정보수집,1,41,자동차 진행 방면,,2002-11,053-803-4573,35.878608,128.539884,2020-03-18
"대구광역시청",대구광역시 동구 지저동 406-6,대구광역시 동구 지저동 406-6,교통정보수집,1,41,자동차 진행 방면,,1998-06,053-803-4573,35.900018,128.635019,2020-03-18
"대구광역시청",대구광역시 동구 입석동 978-24,대구광역시 동구 입석동 978-24,교통정보수집,1,41,자동차 진행 방면,,1998-06,053-803-4573,35.892062,128.643604,2020-03-18
"대구광역시청",대구광역시 북구 태전동 838,대구광역시 북구 태전동 838,교통정보수집,1,41,자동차 진행 방면,,2002-04,053-803-4573,35.890239,128.558563,2020-03-18
"대구광역시청",대구광역시 동구 용계동 963-10,대구광역시 동구 용계동 963-10,교통정보수집,1,41,자동차 진행 방면,,2000-12,053-803-4573,35.874395,128.688073,2020-03-18
"대구광역시청",대구광역시 수성구 매호동 1330-3,대구광역시 수성구 매호동 1330-3,교통정보수집,1,41,자동차 진행 방면,,2002-04,053-803-4573,35.840921,128.704974,2020-03-18
"대구광역시청",대구광역시 달서구 상인동 1396-5,대구광역시 달서구 상인동 1396-5,교통정보수집,1,41,자동차 진행 방면,,2002-11,053-803-4573,35.819079,128.537855,2020-03-18
"대구광역시청",대구광역시 수성구 지저동 206-21,대구광역시 수성구 지저동 206-21,교통정보수집,1,41,자동차 진행 방면,,2002-04,053-803-4573,35.841411,128.685126,2020-03-18
"대구광역시청",대구광역시 수성구 대흥동 134-1,대구광역시 수성구 대흥동 134-1,교통정보수집,1,41,자동차 진행 방면,,2002-04,053-803-4573,35.833141,128.683509,2020-03-18
"대구광역시청",대구광역시 달서구 월성동 78,대구광역시 달서구 월성동 78,교통정보수집,1,130,자동차 진행 방면,,2013-05,053-803-4573,35.826148,128.529756,2020-03-18
"대구광역시청",대구광역시 달서구 감산동 440-2,대구광역시 달서구 감산동 440-2,교통정보수집,1,41,자동차 진행 방면,,2002-04,053-803-4573,35.850156,128.537257,2020-03-18
"대구광역시청",대구광역시 수성구 연호동 61,대구광역시 수성구 연호동 61,교통정보수집,1,41,자동차 진행 방면,,2002-04,053-803-4573,35.846195,128.672687,2020-03-18
"대구광역시청",대구광역시 달서구 송현동 187-1,대구광역시 달서구 송현동 187-1,교통정보수집,1,41,자동차 진행 방면,,2002-11,053-803-4573,35.831092,128.551755,2020-03-18
"대구광역시청",대구광역시 북구 노원동2가 1,대구광역시 북구 노원동2가 1,교통정보수집,1,41,자동차 진행 방면,,1990-07,053-803-4573,35.887635,128.575919,2020-03-18
"대구광역시청",대구광역시 북구 칠성동 2가 711,대구광역시 북구 칠성동 2가 711,교통정보수집,1,41,자동차 진행 방면,,1989-06,053-803-4573,35.881472,128.586190,2020-03-18
"대구광역시청",대구광역시 북구 침산동 1662-20,대구광역시 북구 침산동 1662-20,교통정보수집,1,41,자동차 진행 방면,,2010-05,053-803-4573,35.889395,128.598791,2020-03-18
"대구광역시청",대구광역시 북구 산격동 1346,대구광역시 북구 산격동 1346,교통정보수집,1,41,자동차 진행 방면,,1989-06,053-803-4573,35.892342,128.609362,2020-03-18
"대구광역시청",대구광역시 북구 복현동 623,대구광역시 북구 복현동 623,교통정보수집,1,41,자동차 진행 방면,,1994-07,053-803-4573,35.897673,128.614996,2020-03-18
"대구광역시청",대구광역시 동구 효목동 964,대구광역시 동구 효목동 964,교통정보수집,1,41,자동차 진행 방면,,1990-07,053-803-4573,35.885569,128.633053,2020-03-18
"대구광역시청",대구광역시 동구 신암동 368,대구광역시 동구 신암동 368,교통정보수집,1,41,자동차 진행 방면,,1990-07,053-803-4573,35.883319,128.623946,2020-03-18
"대구광역시청",대구광역시 동구 신암동 804-4,대구광역시 동구 신암동 804-4,교통정보수집,1,41,자동차 진행 방면,,1990-07,053-803-4573,35.882720,128.613606,2020-03-18
"대구광역시청",대구광역시 중구 동인동1가 405-1,대구광역시 중구 동인동1가 405-1,교통정보수집,1,41,자동차 진행 방면,,1988-08,053-803-4573,35.872562,128.604525,2020-03-18
"대구광역시청",대구광역시 중구 동인동1가 116-3,대구광역시 중구 동인동1가 116-3,교통정보수집,1,41,자동차 진행 방면,,1988-08,053-803-4573,35.873836,128.601333,2020-03-18
"대구광역시청",대구광역시 중구 태평로 3가 225-1,대구광역시 중구 태평로 3가 225-1,교통정보수집,1,41,자동차 진행 방면,,1988-08,053-803-4573,35.876472,128.587980,2020-03-18
"대구광역시청",대구광역시 중구 수창동 104-7,대구광역시 중구 수창동 104-7,교통정보수집,1,41,자동차 진행 방면,,1988-08,053-803-4573,35.877673,128.581502,2020-03-18
"대구광역시청",대구광역시 서구 비산동 541-25,대구광역시 서구 비산동 541-25,교통정보수집,1,41,자동차 진행 방면,,1990-07,053-803-4573,35.879602,128.571338,2020-03-18
"대구광역시청",대구광역시 서구 평리동 1621-26,대구광역시 서구 평리동 1621-26,교통정보수집,1,41,자동차 진행 방면,,2002-04,053-803-4573,35.870471,128.554923,2020-03-18
"대구광역시청",대구광역시 서구 평리동 718-1,대구광역시 서구 평리동 718-1,교통정보수집,1,41,자동차 진행 방면,,2090-07,053-803-4573,35.872292,128.571114,2020-03-18
"대구광역시청",대구광역시 수성구 범물동 184,대구광역시 수성구 범물동 184,교통정보수집,1,41,자동차 진행 방면,,2002-04,053-803-4573,35.818903,128.649662,2020-03-18
"대구광역시청",대구광역시 중구 서성로2가 22-7,대구광역시 중구 서성로2가 22-7,교통정보수집,1,41,자동차 진행 방면,,1988-08,053-803-4573,35.870102,128.587245,2020-03-18
"대구광역시청",대구광역시 수성구 황금동 908,대구광역시 수성구 황금동 908,교통정보수집,1,41,자동차 진행 방면,,2000-12,053-803-4573,35.839863,128.624002,2020-03-18
"대구광역시청",대구광역시 중구 공평동 101,대구광역시 중구 공평동 101,교통정보수집,1,41,자동차 진행 방면,,1988-08,053-803-4573,35.870117,128.600292,2020-03-18
"대구광역시청",대구광역시 중구 동문동 9-86,대구광역시 중구 동문동 9-86,교통정보수집,1,41,자동차 진행 방면,,1988-08,053-803-4573,35.871425,128.600637,2020-03-18
"대구광역시청",대구광역시 중구 동인동2가 259,대구광역시 중구 동인동2가 259,교통정보수집,1,41,자동차 진행 방면,,1988-08,053-803-4573,35.869242,128.604063,2020-03-18
"대구광역시청",대구광역시 남구 이천동 392-5,대구광역시 남구 이천동 392-5,교통정보수집,1,41,자동차 진행 방면,,1991-10,053-803-4573,35.855533,128.598278,2020-03-18
"대구광역시청",대구광역시 남구 대명동 2321-1,대구광역시 남구 대명동 2321-1,교통정보수집,1,41,자동차 진행 방면,,1988-08,053-803-4573,35.857005,128.590701,2020-03-18
"대구광역시청",대구광역시 중구 남산동 697-1,대구광역시 중구 남산동 697-1,교통정보수집,1,41,자동차 진행 방면,,1988-08,053-803-4573,35.861246,128.592717,2020-03-18
"대구광역시청",대구광역시 남구 대명동 2321-1,대구광역시 남구 대명동 2321-1,교통정보수집,1,41,자동차 진행 방면,,1989-06,053-803-4573,35.856388,128.582857,2020-03-18
"대구광역시청",대구광역시 수성구 만촌동 1332,대구광역시 수성구 만촌동 1332,교통정보수집,1,41,자동차 진행 방면,,2002-04,053-803-4573,35.876600,128.644991,2020-03-18
"대구광역시청",대구광역시 남구 대명동 1291,대구광역시 남구 대명동 1291,교통정보수집,1,41,자동차 진행 방면,,2002-11,053-803-4573,35.848742,128.579866,2020-03-18
"대구광역시청",대구광역시 서구 내당동 1290,대구광역시 서구 내당동 1290,교통정보수집,1,41,자동차 진행 방면,,1989-06,053-803-4573,35.862095,128.572056,2020-03-18
"대구광역시청",대구광역시 북구 태전동 991,대구광역시 북구 태전동 991,교통정보수집,1,41,자동차 진행 방면,,2002-11,053-803-4573,35.932851,128.548448,2020-03-18
"대구광역시청",대구광역시 중구 동산동 312,대구광역시 중구 동산동 312,교통정보수집,1,41,자동차 진행 방면,,2089-06,053-803-4573,35.866438,128.587642,2020-03-18
"대구광역시청",대구광역시 중구 봉산동 127-1,대구광역시 중구 봉산동 127-1,교통정보수집,1,41,자동차 진행 방면,,1988-08,053-803-4573,35.863942,128.599459,2020-03-18
"대구광역시청",대구광역시 중구 대봉동 654-1,대구광역시 중구 대봉동 654-1,교통정보수집,1,41,자동차 진행 방면,,1988-08,053-803-4573,35.863207,128.602722,2020-03-18
"대구광역시청",대구광역시 수성구 수성4가 1186-99,대구광역시 수성구 수성4가 1186-99,교통정보수집,1,41,자동차 진행 방면,,1990-07,053-803-4573,35.859805,128.614098,2020-03-18
"대구광역시청",대구광역시 중구 남산동 97-3,대구광역시 중구 남산동 97-3,교통정보수집,1,41,자동차 진행 방면,,1989-06,053-803-4573,35.864913,128.582362,2020-03-18
"대구광역시청",대구광역시 수성구 지산동 1086,대구광역시 수성구 지산동 1086,교통정보수집,1,41,자동차 진행 방면,,2007-06,053-803-4573,35.830111,128.623218,2020-03-18
"대구광역시청",대구광역시 동구 신천동 845-19,대구광역시 동구 신천동 845-19,교통정보수집,1,41,자동차 진행 방면,,2007-06,053-803-4573,35.867887,128.618406,2020-03-18
"대구광역시청",대구광역시 달서구 진천동 790-2,대구광역시 달서구 진천동 790-2,교통정보수집,1,41,자동차 진행 방면,,2007-06,053-803-4573,35.810743,128.515666,2020-03-18
"대구광역시청",대구광역시 달성군 화원읍 천내리 415-7,대구광역시 달성군 화원읍 천내리 415-7,교통정보수집,1,41,자동차 진행 방면,,2007-06,053-803-4573,35.803341,128.497656,2020-03-18
"대구광역시청",대구광역시 달서구 이곡동 653-4,대구광역시 달서구 이곡동 653-4,교통정보수집,1,41,자동차 진행 방면,,2007-06,053-803-4573,35.851798,128.507288,2020-03-18
"대구광역시청",대구광역시 북구 매천동 618-1,대구광역시 북구 매천동 618-1,교통정보수집,1,41,자동차 진행 방면,,2008-04,053-803-4573,35.912906,128.541662,2020-03-18
"대구광역시청",대구광역시 동구 봉무동 1581,대구광역시 동구 봉무동 1581,교통정보수집,1,41,자동차 진행 방면,,2011-02,053-803-4573,35.926938,128.641253,2020-03-18
"대구광역시청",대구광역시 달성군 다사읍 죽곡리 311-62,대구광역시 달성군 다사읍 죽곡리 311-62,교통정보수집,1,41,자동차 진행 방면,,2011-09,053-803-4573,35.853497,128.471802,2020-03-18
"대구광역시청",대구광역시 달성군 현풍면 상리 50-1,대구광역시 달성군 현풍면 상리 50-1,교통정보수집,1,41,자동차 진행 방면,,2013-08,053-803-4573,35.704003,128.457007,2020-03-18
"대구광역시청",대구광역시 달성군 현풍면 상리 50-1,대구광역시 달성군 현풍면 상리 50-1,교통정보수집,1,41,자동차 진행 방면,,2013-08,053-803-4573,35.704003,128.457007,2020-03-18
"대구광역시청",대구광역시 달성군 현풍면 상리 50-1,대구광역시 달성군 현풍면 상리 50-1,교통정보수집,1,41,자동차 진행 방면,,2013-08,053-803-4573,35.704003,128.457007,2020-03-18
"대구광역시청",대구광역시 달성군 현풍면 상리 50-1,대구광역시 달성군 현풍면 상리 50-1,교통정보수집,1,41,자동차 진행 방면,,2013-08,053-803-4573,35.704003,128.457007,2020-03-18
"대구광역시청",대구광역시 달성군 현풍면 상리 50-1,대구광역시 달성군 현풍면 상리 50-1,교통정보수집,1,41,자동차 진행 방면,,2013-08,053-803-4573,35.704003,128.457007,2020-03-18
"대구광역시청",대구광역시 달성군 현풍면 상리 50-1,대구광역시 달성군 현풍면 상리 50-1,교통정보수집,1,41,자동차 진행 방면,,2013-08,053-803-4573,35.704003,128.457007,2020-03-18
"대구광역시청",대구광역시 동구 신서동 1143,대구광역시 동구 신서동 1143,교통정보수집,1,41,자동차 진행 방면,,2014-06,053-803-4573,35.880986,128.730078,2020-03-18
"대구광역시청",대구광역시 동구 신서동 1143,대구광역시 동구 신서동 1143,교통정보수집,1,41,자동차 진행 방면,,2014-06,053-803-4573,35.880986,128.730078,2020-03-18
"대구광역시청",대구광역시 동구 신서동 1143,대구광역시 동구 신서동 1143,교통정보수집,1,41,자동차 진행 방면,,2014-06,053-803-4573,35.880986,128.730078,2020-03-18
"대구광역시청",대구광역시 동구 신서동 1143,대구광역시 동구 신서동 1143,교통정보수집,1,41,자동차 진행 방면,,2014-06,053-803-4573,35.880986,128.730078,2020-03-18
"대구광역시청",대구광역시 동구 신서동 1143,대구광역시 동구 신서동 1143,교통정보수집,1,41,자동차 진행 방면,,2014-06,053-803-4573,35.880986,128.730078,2020-03-18
"대구광역시청",대구광역시 동구 신서동 1143,대구광역시 동구 신서동 1143,교통정보수집,1,41,자동차 진행 방면,,2014-06,053-803-4573,35.880986,128.730078,2020-03-18
"대구광역시청",대구광역시 수성구 고모동 233-2,대구광역시 수성구 고모동 233-2,교통정보수집,1,200,자동차 진행 방면,,2014-04,053-803-4573,35.855098,128.680098,2020-03-18
"대구광역시청",대구광역시 동구 능성동 78-2,대구광역시 동구 능성동 78-2,교통정보수집,1,200,자동차 진행 방면,,2014-04,053-803-4573,35.966532,128.730715,2020-03-18
"대구광역시청",대구광역시 동구 덕곡동 56,대구광역시 동구 덕곡동 56,교통정보수집,1,200,자동차 진행 방면,,2014-04,053-803-4573,35.992603,128.614742,2020-03-18
"대구광역시청",대구광역시 달성군 하빈면 감문리 산 4-6,대구광역시 달성군 하빈면 감문리 산 4-6,교통정보수집,1,200,자동차 진행 방면,,2014-04,053-803-4573,35.880043,128.459621,2020-03-18
"대구광역시청",경상북도 청도군 각북면 금천리 산 132-6,경상북도 청도군 각북면 금천리 산 132-6,교통정보수집,1,200,자동차 진행 방면,,2014-04,053-803-4573,35.729332,128.560114,2020-03-18
"대구광역시청",대구광역시 북구 신암동 645-4,대구광역시 북구 신암동 645-4,교통정보수집,1,200,자동차 진행 방면,,2015-09,053-803-4573,35.892450,128.622165,2020-03-18
"대구광역시청",대구광역시 달서구 장기동 79-5,대구광역시 달서구 장기동 79-5,교통정보수집,1,41,자동차 진행 방면,,2011-07,053-803-4573,35.849782,128.521782,2020-03-18
"대구광역시청",대구광역시 서구 상리동 산 105-2,대구광역시 서구 상리동 산 105-2,교통정보수집,1,41,자동차 진행 방면,,2011-07,053-803-4573,35.880427,128.529663,2020-03-18
"대구광역시청",대구광역시 북구 서변동 1290-44,대구광역시 북구 서변동 1290-44,교통정보수집,1,200,자동차 진행 방면,,2014-08,053-803-4573,35.909264,128.599707,2020-03-18
"대구광역시청",대구광역시 동구 지저동 207-2,대구광역시 동구 지저동 207-2,교통정보수집,1,200,자동차 진행 방면,,2014-08,053-803-4573,35.906597,128.640408,2020-03-18
"대구광역시청",대구광역시 동구 동호동 243,대구광역시 동구 동호동 243,교통정보수집,1,200,자동차 진행 방면,,2014-08,053-803-4573,35.866024,128.713599,2020-03-18
"대구광역시청",대구광역시 동구 신기동 840-27,대구광역시 동구 신기동 840-27,교통정보수집,1,200,자동차 진행 방면,,2014-08,053-803-4573,35.869753,128.692794,2020-03-18
"대구광역시청",대구광역시 남구 이천동 121-380,대구광역시 남구 이천동 121-380,교통정보수집,1,200,자동차 진행 방면,,2014-08,053-803-4573,35.854902,128.607952,2020-03-18
"대구광역시청",대구광역시 달성군 논공읍 위천리 195-10,대구광역시 달성군 논공읍 위천리 195-10,교통정보수집,1,200,자동차 진행 방면,,2014-08,053-803-4573,35.760470,128.398886,2020-03-18
"대구광역시청",대구광역시 달서구 신당동 1040-5,대구광역시 달서구 신당동 1040-5,교통정보수집,1,200,자동차 진행 방면,,2014-08,053-803-4573,35.851466,128.492011,2020-03-18
"대구광역시청",대구광역시 달서구 월성동 19,대구광역시 달서구 월성동 19,교통정보수집,1,200,자동차 진행 방면,,2014-08,053-803-4573,35.837066,128.527588,2020-03-18
"대구광역시청",대구광역시 달서구 도원동 579-4,대구광역시 달서구 도원동 579-4,교통정보수집,1,200,자동차 진행 방면,,2014-08,053-803-4573,35.808141,128.548790,2020-03-18
"대구광역시청",대구광역시 달성군 가창면 용계리 6-6,대구광역시 달성군 가창면 용계리 6-6,교통정보수집,1,200,자동차 진행 방면,,2014-08,053-803-4573,35.803848,128.621318,2020-03-18
"대구광역시청",대구광역시 북구 서변동 1800,대구광역시 북구 서변동 1800,교통정보수집,1,200,자동차 진행 방면,,2014-08,053-803-4573,35.927651,128.599435,2020-03-18
"대구광역시청",대구광역시 북구 동호동 574-1,대구광역시 북구 동호동 574-1,교통정보수집,1,200,자동차 진행 방면,,2014-08,053-803-4573,35.959171,128.554272,2020-03-18
"대구광역시청",대구광역시 수성구 황금동 38-1,대구광역시 수성구 황금동 38-1,교통정보수집,1,200,자동차 진행 방면,,2014-08,053-803-4573,35.840972,128.640936,2020-03-18
"대구광역시청",대구광역시 달서구 성당동 620-7,대구광역시 달서구 성당동 620-7,교통정보수집,1,200,자동차 진행 방면,,2014-08,053-803-4573,35.843450,128.544859,2020-03-18
"대구광역시청",대구광역시 서구 상중이동 44-61,대구광역시 서구 상중이동 44-61,교통정보수집,1,200,자동차 진행 방면,,2014-08,053-803-4573,35.868675,128.537662,2020-03-18
"대구광역시청",대구광역시 동구 신암동 345-1,대구광역시 동구 신암동 345-1,교통정보수집,1,200,자동차 진행 방면,,2014-08,053-803-4573,35.885203,128.633446,2020-03-18
"대구광역시청",대구광역시 북구 칠성동 44-2,대구광역시 북구 칠성동 44-2,교통정보수집,1,200,자동차 진행 방면,,2014-08,053-803-4573,35.883405,128.590113,2020-03-18
"대구광역시청",대구광역시 달서구 유천동 300-29,대구광역시 달서구 유천동 300-29,교통정보수집,1,200,자동차 진행 방면,,2014-08,053-803-4573,35.814125,128.509814,2020-03-18
"대구광역시청",대구광역시 달서구 상인동 1321,대구광역시 달서구 상인동 1321,교통정보수집,1,41,자동차 진행 방면,,2011-07,053-803-4573,35.810535,128.560913,2020-03-18
"대구광역시청",대구광역시 달서구 상인1동 935-1,대구광역시 달서구 상인1동 935-1,교통정보수집,1,41,자동차 진행 방면,,2011-07,053-803-4573,35.818232,128.548711,2020-03-18
"대구광역시청",대구광역시 달서구 송현동 694,대구광역시 달서구 송현동 694,교통정보수집,1,41,자동차 진행 방면,,2011-07,053-803-4573,35.821217,128.554356,2020-03-18
"대구광역시청",대구광역시 달서구 송현1동 1977,대구광역시 달서구 송현1동 1977,교통정보수집,1,41,자동차 진행 방면,,2011-07,053-803-4573,35.826286,128.555632,2020-03-18
"대구광역시청",대구광역시 남구 대명동 1501-2,대구광역시 남구 대명동 1501-2,교통정보수집,1,41,자동차 진행 방면,,2011-07,053-803-4573,35.832171,128.565575,2020-03-18
"대구광역시청",대구광역시 남구 대명9동 산201-4,대구광역시 남구 대명9동 산201-4,교통정보수집,1,41,자동차 진행 방면,,2011-07,053-803-4573,35.831470,128.577111,2020-03-18
"대구광역시청",대구광역시 남구 대명동 산186,대구광역시 남구 대명동 산186,교통정보수집,1,41,자동차 진행 방면,,2011-07,053-803-4573,35.832524,128.583922,2020-03-18
"대구광역시청",대구광역시 남구 봉덕3동 1277-2,대구광역시 남구 봉덕3동 1277-2,교통정보수집,1,41,자동차 진행 방면,,2011-07,053-803-4573,35.832552,128.597309,2020-03-18
"대구광역시청",대구광역시 남구 봉덕동 1272-5,대구광역시 남구 봉덕동 1272-5,교통정보수집,1,41,자동차 진행 방면,,2011-07,053-803-4573,35.833217,128.600574,2020-03-18
"대구광역시청",대구광역시 달서구 송현동 1044-2,대구광역시 달서구 송현동 1044-2,교통정보수집,1,41,자동차 진행 방면,,2011-07,053-803-4573,35.837616,128.557529,2020-03-18
"대구광역시청",대구광역시 달서구 감산동 440-2,대구광역시 달서구 감산동 440-2,교통정보수집,1,41,자동차 진행 방면,,2011-07,053-803-4573,35.850156,128.537257,2020-03-18
"대구광역시청",대구광역시 달성군 구지면 응암리 1202-12,대구광역시 달성군 구지면 응암리 1202-12,교통정보수집,1,200,자동차 진행 방면,,2016-09,053-803-4573,35.656490,128.415901,2020-03-18
